query_type,query,recognised_keyword_features,rank,title,organisation,description_preview,dataset_url,semantic_score,semantic_ratio_to_best,keyword_score,keyword_ratio_to_best,hybrid_score,passes_strict_rule,passes_balanced_rule,passes_permissive_rule
narrow,road crash data,5,1,NSW Crash Data,Transport for NSW,This dataset provides data professionals and road safety analysts direct access to road crash data. Ready access to this data helps you take on more detailed research and evaluation that can contribute to better understanding of crashes and…,https://data.nsw.gov.au/data/dataset/2-nsw-crash-data,0.7205349206924438,1.0,0.4060044288635254,1.0,0.016393442622950817,True,True,True
narrow,road crash data,5,5,Crash Statistics,Transport for NSW,The data is available on the **[TfNSW Centre for Road Safety](https://roadsafety.transport.nsw.gov.au/statistics/index.html)** website. The site provides information on: 1. Interactive crash statistics with dynamic reports on road user…,https://data.nsw.gov.au/data/dataset/2-crash-statistics,0.5681095123291016,0.7884552101696065,0.18420201539993286,0.45369459617853247,0.015286470871449204,True,True,True
narrow,road crash data,5,10,NSW crash statistics: People in crashes in local government area,Transport for NSW,Interactive report on People in crashes in local government area. Reporting years 2009 to 2013,https://data.nsw.gov.au/data/dataset/crash-data-local-government-area,0.5446286201477051,0.7558670711258652,0.06698592007160187,0.16498815113693885,0.013316261203585146,True,True,True
narrow,road crash data,5,20,Road traffic casualty crashes in New South Wales : statistical statement for the year ended 31 December 2019,NSW Government,No notes provided,https://data.nsw.gov.au/data/dataset/3-19053-road-traffic-casualty-crashes-in-new-south-wales---statistical-statement-for-the-year-ended-,0.5594052672386169,0.7763749558467213,0.009473147802054882,0.02333262183511597,0.010334448160535118,True,True,True
narrow,road crash data,5,30,NSW Road Network Categorisation,Transport for NSW,"This dataset provides spatial data of NSW roads categorised as either **State** or **Regional** Roads. ### Road Categories - **State Roads** – the responsibility of Transport, funded by the NSW Government - **Regional Roads** – the…",https://data.nsw.gov.au/data/dataset/2-nsw-roads-network-categorisation,0.4351704716682434,0.6039547274822414,0.02674891985952854,0.06588332037264535,0.009243697478991597,True,True,True
narrow,road crash data,5,40,Parking and Council Data,Transport for NSW,"This dataset contains the various parking and council related data that has been made available on the Open Data Hub. It covers parking related penalty notices, the location of Sydney CBD kerbside loading zones, the Car Park API which…",https://data.nsw.gov.au/data/dataset/2-parking-and-council-data,0.45332467555999756,0.6291501807078919,0.010678628459572792,0.026301753627328815,0.007700943610732151,True,True,True
narrow,road crash data,5,50,Motor Accidents Authority Annual Report 2005-2006,NSW Government,No notes provided,https://data.nsw.gov.au/data/dataset/3-9715-motor-accidents-authority-annual-report-2005-2006,0.4351212978363037,0.6038864811967006,0.0,0.0,0.006796116504854369,True,True,True
narrow,road crash data,5,75,F4 freeway : Mays Hill - Prospect : working paper 1 : traffic pattern,NSW Government,"In March 1986 Dye Arup Transportation Planning was commissioned by the Department of Main Roads (DMR) to collect, assemble and collate traffic information to assist the DMR to analyse and make decisions regarding the completion of the…",https://data.nsw.gov.au/data/dataset/3-18483-f4-freeway---mays-hill---prospect---working-paper-1---traffic-pattern-,0.4117434024810791,0.5714412871001284,0.0007004609797149897,0.001725254529059443,0.005703098717900795,True,True,True
narrow,road crash data,5,100,Maritime NSW Boat Ramps,Transport for NSW,"This dataset provides the locations of Maritime NSW boat ramps along with details such as the responsible authority, ramp condition, contact details and the available facilities (e.g. toilets, fuel, BBQ facilities, etc.) The dataset is…",https://data.nsw.gov.au/data/dataset/2-maritime-nsw-boat-ramps,0.3963630497455597,0.5500955447997571,0.0,0.0,0.005,True,True,True
narrow,road crash data,5,150,Road Transport and Tramway Annual Report 1935-36,NSW Government,Road Transport and Tramway,https://data.nsw.gov.au/data/dataset/3-15830-road-transport-and-tramway-annual-report-1935-36,0.3131144046783447,0.4345582645424562,0.03121589869260788,0.07688561127273026,0.003947561692126909,False,True,True
narrow,road crash data,5,200,Leeton Shire Flood Study - Collected Data (Photos),Leeton Shire Council,Collected Data (Photos),https://data.nsw.gov.au/data/dataset/fdp-leeton-shire-flood-study-collected-data-photos,0.33736810088157654,0.4682189456652027,0.020932499319314957,0.05155731768224435,0.0034114961610292593,True,True,True
narrow,road crash data,5,300,Flood Study Report for Rand - Data,Federation Council,DXF,https://data.nsw.gov.au/data/dataset/fdp-rand-flood-study-data,0.3159368634223938,0.4384754358869577,0.020956704393029213,0.051616935440065397,0.00253555063440995,False,True,True
narrow,road crash data,5,500,Road transport : future directions : supporting studies : volume B : consultation,NSW Government,No notes provided,https://data.nsw.gov.au/data/dataset/3-17401-road-transport---future-directions---supporting-studies---volume-b---consultation,0.32374250888824463,0.44930856172400874,0.012551567517220974,0.03091485369348044,0.0017200872629635844,False,True,True
narrow,road crash data,5,750,"NSW Department of Main Roads journal - June 1968, Volume 33, Number 4",NSW Government,"Main Roads 1929 - 1984: journals of the Department of Main Roads, New South Wales",https://data.nsw.gov.au/data/dataset/3-16075-nsw-department-of-main-roads-journal---june-1968--volume-33--number-4,0.32541948556900024,0.451635966867876,0.0,0.0,0.001238938053097345,True,True,True
narrow,road crash data,5,1000,SGE 2015 Pre-poll Election transaction data,NSW Electoral Commission,"Depersonalised election transaction data for the Pre-poll channel, created at the NSW State General Election March 2015",https://data.nsw.gov.au/data/dataset/sge-2015-pre-poll-election-transaction-data,0.2992095947265625,0.41526036578354597,0.008892633020877838,0.021902798069887593,0.0009696339224370494,False,True,True
narrow,ambulance off stretcher times,7,1,Ambulance off-stretcher times,NSW Ambulance,Off-stretcher times for ambulances at public hospital emergency departments.,https://data.nsw.gov.au/data/dataset/ambulance-off-stretcher-times,0.5765032768249512,1.0,0.641506016254425,1.0,0.016393442622950817,True,True,True
narrow,ambulance off stretcher times,7,5,Ambulance Service of New South Wales Annual Report 2003-2004,NSW Government,No notes provided,https://data.nsw.gov.au/data/dataset/3-11204-ambulance-service-of-new-south-wales-annual-report-2003-2004,0.41695916652679443,0.7232555013792219,0.0759904682636261,0.11845636102886965,0.015117056856187291,True,True,True
narrow,ambulance off stretcher times,7,10,Ambulance Service of NSW - Readiness to Respond,NSW Government,No notes provided,https://data.nsw.gov.au/data/dataset/3-17978-ambulance-service-of-nsw---readiness-to-respond,0.3547589182853699,0.6153632295711798,0.037475429475307465,0.05841789246828277,0.013380758807588076,True,True,True
narrow,ambulance off stretcher times,7,20,"Department of Health, NSW Ambulance Service - Code Red: Hospital Emergency Departments",NSW Government,Performance Audit Report,https://data.nsw.gov.au/data/dataset/3-18021-department-of-health--nsw-ambulance-service---code-red--hospital-emergency-departments,0.29093578457832336,0.504655907908504,0.030483124777674675,0.047518065310840185,0.011594202898550725,False,True,True
narrow,ambulance off stretcher times,7,30,Crash performance of emergency locking retractor seat belts : TARU 5/76,NSW Government,The crash performance of emergency locking retractor (inertia reel) seat belts is examined by in-depth field investigations and by laboratory simulations. It is found that the inclusion of the retractor increases body excursions for the…,https://data.nsw.gov.au/data/dataset/3-17545-crash-performance-of-emergency-locking-retractor-seat-belts---taru-5-76,0.30456793308258057,0.5283021716025028,0.0,0.0,0.008749999999999999,True,True,True
narrow,ambulance off stretcher times,7,40,Hospital Quarterly: Performance of NSW public hospitals - April to June 2014,Bureau of Health Information,Hospital Quarterly is a series of regular reports that track services provided in NSW public hospitals and the timeliness with which they are delivered. The report is structured around two types of measures: activity measures and…,https://data.nsw.gov.au/data/dataset/hospital-quarterly-performance-of-nsw-public-hospitals-april-to-june-2014,0.27461743354797363,0.47635016935273755,0.0,0.0,0.007692307692307692,False,True,True
narrow,ambulance off stretcher times,7,50,NSW Sporting Injuries Committee Annual Report 09/10,NSW Government,No notes provided,https://data.nsw.gov.au/data/dataset/3-10810-nsw-sporting-injuries-committee-annual-report-09-10,0.2562640905380249,0.44451454283032055,0.0,0.0,0.006862745098039216,False,True,True
narrow,ambulance off stretcher times,7,75,NSW - Levee Study for Emergency Management - Report,NSW State Emergency Service,Complete,https://data.nsw.gov.au/data/dataset/fdp-nsw-levee-study-for-emergency-management-report,0.230952650308609,0.4006094320583285,0.0,0.0,0.0053435114503816794,False,False,True
narrow,ambulance off stretcher times,7,100,13 December 2016 - Switch off before you take off,NSW Government,No notes provided,https://data.nsw.gov.au/data/dataset/3-16207-13-december-2016---switch-off-before-you-take-off,0.1590701937675476,0.2759224451309537,0.036370694637298584,0.056695796634390026,0.00467026476948518,False,False,False
narrow,ambulance off stretcher times,7,150,Greater Southern Area Health Service Annual Report 2006-2007,NSW Government,No notes provided,https://data.nsw.gov.au/data/dataset/3-9682-greater-southern-area-health-service-annual-report-2006-2007,0.21229690313339233,0.3682492566262619,0.0,0.0,0.0037634408602150535,False,False,True
narrow,ambulance off stretcher times,7,200,Average wait time for households in urgent need,Department of Communities and Justice,"Households on the NSW Housing Register include both priority applicants waiting to be housed and existing tenants in social housing waiting urgently to be rehoused, as their current house does not meet their needs. Priority applicants are…",https://data.nsw.gov.au/data/dataset/average-wait-time-for-households-in-urgent-need,0.20509777963161469,0.3557616892677097,0.0,0.0,0.0030701754385964912,False,False,True
narrow,ambulance off stretcher times,7,300,Lower Bellinger and Kalang Floodplain Risk Management Study and Plan - Data Handover List,Bellingen Shire Council,-,https://data.nsw.gov.au/data/dataset/fdp-related-dataset_revision_lower-bellinger-and-kalang-data-handover-list,0.19071459770202637,0.3308126863603843,0.0,0.0,0.0023102310231023103,False,False,False
narrow,ambulance off stretcher times,7,500,Bendemeer Flood Study - Hydraulic Model Output (Options),Tamworth Regional Council,XP-SWMM,https://data.nsw.gov.au/data/dataset/fdp-bendemeer-flood-study-hydraulic-model-output-options,0.1745886504650116,0.30284069056215185,0.0,0.0,0.0015384615384615385,False,False,False
narrow,ambulance off stretcher times,7,750,Bligh Park - Evacuation Route Options Study - Report,Hawkesbury City Council,Complete,https://data.nsw.gov.au/data/dataset/fdp-bligh-park-evacuation-route-options-study-report,0.16059039533138275,0.27855937994979385,0.0,0.0,0.0010903426791277258,False,False,False
narrow,ambulance off stretcher times,7,1000,Fuzzy Extent Area - NSW Physiography Category - GDA2020 Service,Spatial Services (DCS),"Export Data Access API NEW We have released a new GDA2020 version of this dataset which replaces the current GDA94 version. This updated service aligns our spatial data with the national standard, improving accuracy, consistency, and…",https://data.nsw.gov.au/data/dataset/1-6f12719137874488ae8fd5dd80fa559d,0.14259138703346252,0.24733838083067622,0.0,0.0,0.0007769145394006659,False,False,False
narrow,koala habitat corridors,5,1,Koala corridors in south-west Sydney,"NSW Department of Climate Change, Energy, the Environment and Water","Map of koala movement corridors and priority restoration areas in a study area in south-western Sydney. Koala movement corridors are classified as primary, secondary and tertiary according to the level of connectivity of core koala habitat…",https://data.nsw.gov.au/data/dataset/koala-corridors-in-south-west-sydney,0.7693201303482056,1.0,0.19875474274158478,0.6675746202620848,0.015887174541947928,True,True,True
narrow,koala habitat corridors,5,5,Repealed - State Environmental Planning Policy (Koala Habitat Protection) 2019,"NSW Department of Planning, Housing and Infrastructure",This is a repealed State Environmental Planning Policy and has been superseded by the State Environmental Planning Policy (Koala Habitat Protection) 2020. This dataset contains map data relevant to Site Investigation Area for Koala Plans of…,https://data.nsw.gov.au/data/dataset/state-environmental-planning-policy-koala-habitat-protection-2019,0.6720480918884277,0.8735610383472598,0.19246630370616913,0.6464531001252446,0.015054945054945056,True,True,True
narrow,koala habitat corridors,5,10,Data - Draft report: koala survey of the Mid North Coast Assessment Area,"NSW Department of Climate Change, Energy, the Environment and Water","The asset includes the observational data collected by the Koala Science team, drone surveys between April and July 2024 within the Mid North Coast Assessment Area and adjoining national park estate referred to as the Study Area. This…",https://data.nsw.gov.au/data/dataset/koala-data-draft-report-koala-survey-of-the-assessment-area,0.6340382099151611,0.8241539313785877,0.1975385993719101,0.6634898551037993,0.013681159420289853,True,True,True
narrow,koala habitat corridors,5,20,Priority Populations for the NSW Koala Strategy 2021-26,"NSW Department of Climate Change, Energy, the Environment and Water","The NSW Koala Strategy identifies 50 koala populations in New South Wales based on the Areas of Regional Koala Significance (ARKS) identified by the NSW Government (DPIE 2020), noting that koalas are also found outside these areas. These 50…",https://data.nsw.gov.au/data/dataset/priority-populations-for-the-nsw-koala-strategy,0.6179465055465698,0.8032371455909755,0.10856828838586807,0.36465763227564074,0.012269850402761793,True,True,True
narrow,koala habitat corridors,5,30,Koala Sightings – BioNet,"NSW Department of Climate Change, Energy, the Environment and Water","Koala (Phascolarctos cinereus) species sightings in NSW. Sightings are derived from the BioNet Species Sightings oData Web service, via an ETL process which generates geometries for use in the spatial web services listed below. Records are…",https://data.nsw.gov.au/data/dataset/nsw-bionet-data-collection-koala-sightings,0.5687786340713501,0.7393263371568252,0.11620700359344482,0.39031444093161516,0.010906124497991967,True,True,True
narrow,koala habitat corridors,5,40,Koala Management Plan for Koala Beach Residential Development. Amendment No. 1 (SJJT03082701 - SJJT0308270J) (June. 1996).,"NSW Department of Climate Change, Energy, the Environment and Water",Koala Management Plan for Koala Beach Residential Development. Amendment No. 1 (SJJT03082701 - SJJT0308270J) (June. 1996).,https://data.nsw.gov.au/data/dataset/fis_00518,0.5518895983695984,0.7173731410353257,0.0638645589351654,0.21450737774232917,0.009751552795031055,True,True,True
narrow,koala habitat corridors,5,50,Fauna Corridors for North East NSW,"NSW Department of Climate Change, Energy, the Environment and Water","Layer of regional and subregional linking corridors for fauna of the Upper North East (UNE) and Lower North East (LNE) NSW RFA regions. A new GIS program, NPWS CORRIDORS, was used to derive potential landscape linkages (habitat corridors)…",https://data.nsw.gov.au/data/dataset/fauna-corridors-for-north-east-nsw,0.4539729356765747,0.5900962652193956,0.09026959538459778,0.30319624089894265,0.008912655971479501,True,True,True
narrow,koala habitat corridors,5,75,Improving anti-chlamydial responses in NSW koalas with a Chlamydia-koala retrovirus combination vaccine,The University of the Sunshine Coast,"Improving anti-chlamydial responses in NSW koalas with a Chlamydia-koala retrovirus combination vaccine. Koalas are an endangered species under threat of extinction from several factors, including infections agents. Chlamydia pecorum…",https://data.nsw.gov.au/data/dataset/improving-anti-chlamydial-responses-in-nsw-koalas,0.4007260203361511,0.5208833157073073,0.03674456477165222,0.12341712472252385,0.006771939136588818,True,True,True
narrow,koala habitat corridors,5,100,Central Inland Glossy Black Cockatoo Foraging Habitat,"NSW Department of Climate Change, Energy, the Environment and Water",Mapping of Glossy Black-Cockatoo foraging habitat in the Central Inland project area (approximately from Parkes to Narrabri in NSW). The composite vegetation map was derived from 16 existing vegetation maps of varying age and quality which…,https://data.nsw.gov.au/data/dataset/central-inland-glossy-black-cockatoo-foraging-habitat,0.3533700108528137,0.45932765426646677,0.03752104192972183,0.12602514522452746,0.005034188034188034,True,True,True
narrow,koala habitat corridors,5,150,NSW Subtidal Marine Habitat Data,"NSW Department of Climate Change, Energy, the Environment and Water",Subtidal marine habitats in NSW Coastal Waters - 2005 - 2016,https://data.nsw.gov.au/data/dataset/nsw-marine-habitat-data,0.32320094108581543,0.420112419181765,0.03640817850828171,0.12228727529637495,0.0037804546073227164,False,True,True
narrow,koala habitat corridors,5,200,"Kogarah, Cooks River Vegetation. VIS_ID 4168","NSW Department of Climate Change, Energy, the Environment and Water",Unknown. Supplied by Kogarah Council in January 2008. VIS_ID 4168,https://data.nsw.gov.au/data/dataset/kogarah-cooks-river-vegetation-vis_id-416849368,0.3526116609573364,0.45834191391526335,0.0,0.0,0.003056768558951965,True,True,True
narrow,koala habitat corridors,5,300,Vegetation Mapping of Snake Rock Aboriginal Reserve. VIS_ID 4015,"NSW Department of Climate Change, Energy, the Environment and Water","The composition and extent of the present vegetation of Snake Rock Aboriginal Reserve is described and mapped at 1:50,000 scale from quadrat samples, field traverses and aerial photograph interpretation. Two broad vegetation communities are…",https://data.nsw.gov.au/data/dataset/vegetation-mapping-of-snake-rock-aboriginal-reserve-vis_id-4015d3fca,0.33090969920158386,0.4301326406886159,0.0,0.0,0.0021943573667711595,False,True,True
narrow,koala habitat corridors,5,500,Species impact statement Bibbenluke proposed 8 Lot rural residential subdivision Duffys Forest final report,"NSW Department of Climate Change, Energy, the Environment and Water",Species impact statement Bibbenluke proposed 8 Lot rural residential subdivision Duffys Forest final report,https://data.nsw.gov.au/data/dataset/fis_00031,0.3061191439628601,0.39790866232020483,0.0,0.0,0.001483050847457627,False,False,True
narrow,koala habitat corridors,5,750,Nandewar WRA final vegetation layer - VIS_ID 12 & VIS ID 3881,"NSW Department of Climate Change, Energy, the Environment and Water",This project constitutes the Vegetation Mapping and Survey component of the Nandewar WRA Biodiversity Surrogates Project. The Nandewar WRA follows that previously undertaken for the Brigalow Belt South Bioregion. The Nandewar WRA area…,https://data.nsw.gov.au/data/dataset/nandewar-wra-final-vegetation-layer-vis_id-12-vis-id-38817c4bb,0.2842746675014496,0.369514141496314,0.0,0.0,0.0010401188707280832,False,False,True
narrow,koala habitat corridors,5,1000,Bega and Brogo Rivers FRMP - Catchment Area,Bega Valley Shire Council,Catchment area,https://data.nsw.gov.au/data/dataset/fdp-bega-and-brogo-rivers-frmp-catchment-area,0.2682741582393646,0.34871589557644855,0.0,0.0,0.0007526881720430108,False,False,False
narrow,hospital waiting times,4,1,Waiting times for elective surgery in public hospitals: NSW Department of Health,NSW Government,Performance Audit Report,https://data.nsw.gov.au/data/dataset/3-18016-waiting-times-for-elective-surgery-in-public-hospitals--nsw-department-of-health,0.5241740942001343,1.0,0.1561330109834671,0.40917111240916093,0.016237314597970336,True,True,True
narrow,hospital waiting times,4,5,Hospital Quarterly: Performance of NSW public hospitals - October to December 2015,Bureau of Health Information,Hospital Quarterly is a series of regular reports that track services provided in NSW public hospitals and the timeliness with which they are delivered. The report is structured around two types of measures: activity measures and…,https://data.nsw.gov.au/data/dataset/hospital-quarterly-performance-of-nsw-public-hospitals-october-to-december-2015,0.46170926094055176,0.8808318954508788,0.06358572095632553,0.16663638274287296,0.014385775862068965,True,True,True
narrow,hospital waiting times,4,10,Hospital Quarterly: Performance of NSW public hospitals - January to March 2014,Bureau of Health Information,Hospital Quarterly is a series of regular reports that track services provided in NSW public hospitals and the timeliness with which they are delivered. The report is structured around two types of measures: activity measures and…,https://data.nsw.gov.au/data/dataset/hospital-quarterly-performance-of-nsw-public-hospitals-january-to-march-2014,0.4355825185775757,0.8309882601929321,0.064040906727314,0.16782926864890274,0.013716356107660454,True,True,True
narrow,hospital waiting times,4,20,Hospital Emergency Departments - Delivering Services to Patients,NSW Government,No notes provided,https://data.nsw.gov.au/data/dataset/3-17970-hospital-emergency-departments---delivering-services-to-patients,0.35377442836761475,0.6749178036115241,0.04980751499533653,0.13052842693936023,0.012335526315789472,True,True,True
narrow,hospital waiting times,4,30,Hospital Emergency Departments - Planning Statewide Services,NSW Government,No notes provided,https://data.nsw.gov.au/data/dataset/3-17951-hospital-emergency-departments---planning-statewide-services,0.3367879390716553,0.6425116059685824,0.05672292038798332,0.14865133444909384,0.011730438236462333,True,True,True
narrow,hospital waiting times,4,40,Ambulance Service of NSW - Readiness to Respond,NSW Government,No notes provided,https://data.nsw.gov.au/data/dataset/3-17978-ambulance-service-of-nsw---readiness-to-respond,0.3126717209815979,0.5965035747497607,0.0,0.0,0.007368421052631579,True,True,True
narrow,hospital waiting times,4,50,NSW Ambulance Station - NSW Features of Interest Category - Health Facilities - GDA2020 Service,Spatial Services (DCS),"Export Data Access API NEW We have released a new GDA2020 version of this dataset which replaces the current GDA94 version. This updated service aligns our spatial data with the national standard, improving accuracy, consistency, and…",https://data.nsw.gov.au/data/dataset/1-868edf87b02f47f5a8525682d9ac0ea9,0.29958266019821167,0.5715327474459819,0.0,0.0,0.00673076923076923,False,True,True
narrow,hospital waiting times,4,75,Gunnedah Shire Council Extraordinary Meeting Minutes - 4 December 2019,NSW Government,Meeting Minutes,https://data.nsw.gov.au/data/dataset/3-19429-gunnedah-shire-council-extraordinary-meeting-minutes---4-december-2019,0.2916814684867859,0.556459145375886,0.0,0.0,0.005511811023622047,False,True,True
narrow,hospital waiting times,4,100,Gunnedah Shire Council Ordinary Meeting Minutes - 20 May 2020,NSW Government,Meeting Minutes,https://data.nsw.gov.au/data/dataset/3-19482-gunnedah-shire-council-ordinary-meeting-minutes---20-may-2020,0.2888699769973755,0.5510954856290216,0.0,0.0,0.004697986577181208,False,True,True
narrow,hospital waiting times,4,150,North Coast Area Health Service Annual Report 2006/2007,NSW Government,No notes provided,https://data.nsw.gov.au/data/dataset/3-10989-north-coast-area-health-service-annual-report-2006-2007,0.28075286746025085,0.5356099634963206,0.0,0.0,0.003608247422680412,False,True,True
narrow,hospital waiting times,4,200,NSW Features of Interest Category - Health Facilities,Spatial Services (DCS),"Export Data Access API RETIRING This GD94 service is scheduled for retirement. Please begin transitioning to the GDA2020 service and update any maps, applications, or workflows that currently reference this service. You can access the…",https://data.nsw.gov.au/data/dataset/1-e63b018e728d466d83d32b196def0401,0.1571536362171173,0.29981190973759697,0.0077342689037323,0.020268868134150245,0.002918316812348167,False,False,False
narrow,hospital waiting times,4,300,Greater Southern Area Health Service Annual Report 2004 | 05,NSW Government,No notes provided,https://data.nsw.gov.au/data/dataset/3-9804-greater-southern-area-health-service-annual-report-2004---05,0.25113147497177124,0.479099363647466,0.0,0.0,0.0022292993630573248,False,True,True
narrow,hospital waiting times,4,500,“Flip flop” O’Farrell out of touch on health reform: Treasurer Roozendaal,NSW Government,Treasury media release 2010,https://data.nsw.gov.au/data/dataset/3-19942--flip-flop--o-farrell-out-of-touch-on-health-reform--treasurer-roozendaal,0.2214074283838272,0.4223929240945889,0.0,0.0,0.0015350877192982456,False,False,True
narrow,hospital waiting times,4,750,Court House - NSW Features of Interests Category - Justice Facilities - GDA2020 Service,Spatial Services (DCS),"Export Data Access API NEW We have released a new GDA2020 version of this dataset which replaces the current GDA94 version. This updated service aligns our spatial data with the national standard, improving accuracy, consistency, and…",https://data.nsw.gov.au/data/dataset/1-c9d1ec28c3ac4a909c78815d3c1ab8d6,0.18312159180641174,0.34935261744639806,0.0,0.0,0.001023391812865497,False,False,False
narrow,hospital waiting times,4,1000,NSW Health Annual Report 2017-18,NSW Government,"The Annual Report outlines the functions and activities of NSW Health over the 2017-18 financial year. The report includes performance and achievements of all local health districts, specialty networks and other controlled entities that…",https://data.nsw.gov.au/data/dataset/3-17381-nsw-health-annual-report-2017-18,0.15527690947055817,0.2962315596834362,0.0,0.0,0.0007430997876857749,False,False,False
narrow,water quality monitoring,5,1,Hunter Water Corporation – Surface Water Quality Monitoring Programs,Hunter Water,"Hunter Water carries out routine and event-based monitoring on local freshwater and estuarine waterways in our area of operations (Hunter Region), for a variety of purposes. The waterways are typically either source water supplies feeding…",https://data.nsw.gov.au/data/dataset/hunter-water-corporation-surface-water-quality-monitoring-programs,0.6284847855567932,0.9382716060368446,0.29270926117897034,1.0,0.015855532786885243,True,True,True
narrow,water quality monitoring,5,5,RAW Water Quality Data,"NSW Department of Climate Change, Energy, the Environment and Water","The RAW Water Quality Data is collected under The State Water Quality Assessment and Monitoring Project (SWAMP). The State Water Quality Assessment and Monitoring Project (SWAMP) is a state wide project responsible for collecting, analysing…",https://data.nsw.gov.au/data/dataset/raw-water-quality-data,0.6407057642936707,0.9565164348860163,0.19008803367614746,0.649409017365947,0.015277777777777776,True,True,True
narrow,water quality monitoring,5,10,Sydney Water Aquatic Monitoring (SWAM) program,Sydney Water,"The Sydney Water Aquatic Monitoring (SWAM) program was implemented from July 2023, replacing the Sewage Treatment System Impact Monitoring Program (STSIMP, 2008-2023) after a review in collaboration with the EPA. The SWAM program is…",https://data.nsw.gov.au/data/dataset/sydney-water-aquatic-monitoring-swam-program,0.5799115896224976,0.865756166352433,0.12090075016021729,0.4130403994504817,0.013554018445322792,True,True,True
narrow,water quality monitoring,5,20,IMEF (Integrated Monitoring of Environmental Flows),"NSW Department of Climate Change, Energy, the Environment and Water",The Integrated Monitoring of Environmental Flows (IMEF) program consists of ecological monitoring projects across the regulated rivers of NSW. IMEF was set up to monitor environmental flow effects and included projects such as the effect of…,https://data.nsw.gov.au/data/dataset/historic-environmental-flow-monitoring-imef,0.5168722867965698,0.7716441221706073,0.10025672614574432,0.34251299648645095,0.01176239181746656,True,True,True
narrow,water quality monitoring,5,30,Water Quality - Murray Darling Basin,Water New South Wales (WNSW),"Water quality data collected monthly from 115 sites in the Murray-Darling Basin in NSW, between 2007 and 2012. Parameters include: Turbidity –lab; Turbidity –field; Total phosphorus; Total nitrogen; pH –field; Dissolved oxygen –field…",https://data.nsw.gov.au/data/dataset/water-quality-murray-darling-basin,0.4684465229511261,0.6993487854162388,0.1692989021539688,0.5783858750217503,0.010826796965410826,True,True,True
narrow,water quality monitoring,5,40,Darling-Baaka River Health Project smart buoy network,"NSW Department of Climate Change, Energy, the Environment and Water","Through the Darling-Baaka River Health Project, DCCEEW Science have installed a network of five telemetered loggers in the Baaka river which are collecting real-time water quality data in the project area. The telemetered loggers (also…",https://data.nsw.gov.au/data/dataset/darling-baaka-river-health-project-live-smart-buoy-data,0.5214341878890991,0.77845463272398,0.0264769084751606,0.09045463190511045,0.009519230769230768,True,True,True
narrow,water quality monitoring,5,50,Water Regulations Data (BoM) - Watercourse Level,Bureau of Meteorology,"The Bureau of Meteorology (Bureau) receives water data, measured at stations around Australia, from organisations named in the Water Regulations (2008). Time series data collected from approximately 6500 measurement stations across…",https://data.nsw.gov.au/data/dataset/water-regulations-data-bom-watercourse-level,0.4608836770057678,0.6880581324451028,0.06930039077997208,0.23675503296631242,0.008858695652173912,True,True,True
narrow,water quality monitoring,5,75,ENVIRONMENTAL OUTCOMES MONITORING AND RESEARCH PROGRAM,"NSW Department of Climate Change, Energy, the Environment and Water",The department employs monitoring and research initiatives to track the effectiveness of water management changes in safeguarding and enhancing water-dependent ecosystems. We are tasked with reporting on environmental outcomes in New South…,https://data.nsw.gov.au/data/dataset/environmental-outcomes-monitoring-and-research-program,0.4399687349796295,0.6568339935383083,0.05999363213777542,0.20495980173682887,0.007402697921273772,True,True,True
narrow,water quality monitoring,5,100,NSW Water Dashboards-Annual Environmental Shares Summary,"NSW Department of Climate Change, Energy, the Environment and Water",Data by water source and water year. This Dashboard _(see the External Links section in SEED)_ provides a summary of environmental water shares held across NSW and within each water source for each water year and compares environmental…,https://data.nsw.gov.au/data/dataset/nsw-water-dashboards-annual-environmental-shares,0.4259592890739441,0.6359191430730444,0.03440803661942482,0.11755021512075362,0.005879088939385932,True,True,True
narrow,water quality monitoring,5,150,Manning River Floodplain Prioritisation Study,Department of Primary Industries and Regional Development (DPIRD),The Coastal Floodplain Prioritisation Study covered seven estuaries on the NSW floodplain. The study included an extensive data collection and collation process to improve understanding of the processes and areas that contribute to poor…,https://data.nsw.gov.au/data/dataset/manning-river-floodplain-prioritisation-study,0.4097147583961487,0.6116675108320718,0.014197072945535183,0.04850230186893441,0.004409518291237588,True,True,True
narrow,water quality monitoring,5,200,Degree of River Regulation,Spatial Services (DCS),Export Data Previous SEED service moved from 10.7 to 11. 1 Portal. Waiting for Metadata from DPIE. Access API Metadata Portal Metadata Information Content Title Degree of River Regulation Content Type Hosted Feature Layer Description Degree…,https://data.nsw.gov.au/data/dataset/1-7c7350f3eb1841c8b88754cf5e76583e,0.32526129484176636,0.485586038844897,0.05267644673585892,0.17996166750477743,0.0035145596903316616,True,True,True
narrow,water quality monitoring,5,300,"Monitoring, Evaluation and Reporting Soil Condition (Salinity) Report Card Scores - Summary (4 March 2009)","NSW Department of Climate Change, Energy, the Environment and Water","This dataset contains a summary of the derived salinity condition scores generated for the Soil Condition theme of the NSW Monitoring, Evaluation & Reporting (MER) program. It also gives details of trends, data sources and confidence. The…",https://data.nsw.gov.au/data/dataset/monitoring-evaluation-and-reporting-soil-condition-salinity-report-card-scores-summary-4-06ba1,0.33404648303985596,0.4987015395370177,0.027277871966362,0.09319101095910858,0.002652519893899204,True,True,True
narrow,water quality monitoring,5,500,River Flood Prediction Gauge Evaluation - ALL Basins - Report,"NSW Department of Climate Change, Energy, the Environment and Water",Complete Report,https://data.nsw.gov.au/data/dataset/fdp-river-flood-prediction-gauge-evaluation-all-basins-report,0.3241373896598816,0.4839081488716243,0.0030120236333459616,0.010290154883429974,0.001717147373655491,True,True,True
narrow,water quality monitoring,5,750,WaterNSW Annual Report 2014-15,NSW Government,WaterNSW Annual Report 2014-15,https://data.nsw.gov.au/data/dataset/3-18141-waternsw-annual-report-2014-15,0.2992923855781555,0.44681677861498265,0.0,0.0,0.0010971786833855798,False,True,True
narrow,water quality monitoring,5,1000,Ancillary Hydro Point - NSW Water Theme - GDA2020 Service,Spatial Services (DCS),Export Data Access API NEW We have released a new GDA2020 version of our Foundational Spatial Data Framework (FSDF) datasets which replaces the current GDA94 version. This updated service aligns our spatial data with the national standard…,https://data.nsw.gov.au/data/dataset/1-eb349b49672b42b5baaf67ec8eed2127,0.2191690057516098,0.3271997345773116,0.01975478045642376,0.06748942748465056,0.0008095426752139608,False,False,False
broad,transport,1,1,Transport for NSW annual report 2016-17,NSW Government,No notes provided,https://data.nsw.gov.au/data/dataset/3-18908-transport-for-nsw-annual-report-2016-17,0.5184195637702942,0.9984180531803204,0.20387110114097595,0.7034539770342262,0.015223214285714284,True,True,True
broad,transport,1,5,Transport for NSW annual report 2012-13,NSW Government,No notes provided,https://data.nsw.gov.au/data/dataset/3-18940-transport-for-nsw-annual-report-2012-13-,0.5147625803947449,0.9913751125247348,0.2019476592540741,0.6968171715362281,0.014557350235125738,True,True,True
broad,transport,1,10,Transport for NSW annual report 2019-20 : volume 1,NSW Government,No notes provided,https://data.nsw.gov.au/data/dataset/3-18902-transport-for-nsw-annual-report-2019-20---volume-1,0.5089771747589111,0.9802330688298966,0.18778181076049805,0.6479381376510891,0.013609154929577464,True,True,True
broad,transport,1,20,Transport Open Data Hub,Transport for NSW,"The Open Data Hub is the portal to Transport for NSW’s data and information. It also acts as a showcase for innovation from the use of transport data. For app developers, it provides information about data, APIs and a community forum.",https://data.nsw.gov.au/data/dataset/transport-open-data-hub,0.4467571973800659,0.8604043566730468,0.20707570016384125,0.7145113947595356,0.011694106785659332,True,True,True
broad,transport,1,30,Transport for NSW trip generation surveys : low density residential : data report,NSW Government,No notes provided,https://data.nsw.gov.au/data/dataset/3-19743-transport-for-nsw-trip-generation-surveys---low-density-residential---data-report,0.4657876193523407,0.8970548193187378,0.15470248460769653,0.5337984513023626,0.010122086570477246,True,True,True
broad,transport,1,40,Transport for NSW : Heavy Vehicle Competency Based Assessment : assessor log book,NSW Government,No notes provided,https://data.nsw.gov.au/data/dataset/3-19509-transport-for-nsw---heavy-vehicle-competency-based-assessment---assessor-log-book,0.44049277901649475,0.848339788080425,0.1467989683151245,0.5065274946172361,0.008664797115549704,True,True,True
broad,transport,1,50,Henry Lawson Drive upgrade stage 1A : submissions report,NSW Government,No notes provided,https://data.nsw.gov.au/data/dataset/3-19602-henry-lawson-drive-upgrade-stage-1a---submissions-report-,0.44367673993110657,0.8544717404215938,0.10318281501531601,0.35603065455519933,0.007985553772070626,True,True,True
broad,transport,1,75,Henry Lawson Drive upgrade : stage 1A : review of environmental factors : main report and appendices A - B,NSW Government,No notes provided,https://data.nsw.gov.au/data/dataset/3-19122-henry-lawson-drive-upgrade---stage-1a---review-of-environmental-factors---main-report-and-ap,0.4325922131538391,0.8331241825383652,0.10318281501531601,0.35603065455519933,0.006856060606060605,True,True,True
broad,transport,1,100,"Long term transport of export coal to Port Kembla : engineering aspects and environmental issues, February 1982","NSW Department of Planning, Housing and Infrastructure","Environmental Impact Statement: Long term transport of export coal to Port Kembla : engineering aspects and environmental issues, February 1982",https://data.nsw.gov.au/data/dataset/long-term-transport-of-export-coal-to-port-kembla-engineering-aspects-and-environmental-is-198190df,0.41780906915664673,0.8046535018753549,0.05412663519382477,0.18676308990084692,0.005549743387287801,True,True,True
broad,transport,1,150,GTFS Pathways,Transport for NSW,This dataset contains selected train stations that have been mapped in accordance with GTFS Pathways format: [https://developers.google.com/transit/gtfs/reference#pathwaystxt](https://developers.google.com/transit/gtfs/reference#pathwaystxt…,https://data.nsw.gov.au/data/dataset/2-gtfs-pathways,0.40273207426071167,0.775616897272063,0.023879796266555786,0.08239685546633585,0.004269955654101995,True,True,True
broad,transport,1,200,Department of Motor Transport Annual Report 1953-54,NSW Government,Department of Motor Transport,https://data.nsw.gov.au/data/dataset/3-15949-department-of-motor-transport-annual-report-1953-54,0.31136554479599,0.5996551881679882,0.1714572310447693,0.5916104361761223,0.003715418353576248,True,True,True
broad,transport,1,300,Henry Lawson Drive upgrade : stage 1A : review of environmental factors : appendix K : non-Aboriginal heritage,NSW Government,No notes provided,https://data.nsw.gov.au/data/dataset/3-19184-henry-lawson-drive-upgrade---stage-1a---review-of-environmental-factors---appendix-k---non-a,0.3665347695350647,0.7059049399305601,0.10318281501531601,0.35603065455519933,0.002919915529564652,True,True,True
broad,transport,1,500,"Government expenditure and transport planning in relation to implementing Barangaroo, Barangaroo Delivery Authority, Department of Transport and NSW Treasury",NSW Government,Performance Audit Report,https://data.nsw.gov.au/data/dataset/3-18117-government-expenditure-and-transport-planning-in-relation-to-implementing-barangaroo--barang,0.34008389711380005,0.6549635202902673,0.06401578336954117,0.22088543767233432,0.0019920890419505375,True,True,True
broad,transport,1,750,Road traffic casualty crashes in New South Wales : statistical statement for the year ended 31 December 2019,NSW Government,No notes provided,https://data.nsw.gov.au/data/dataset/3-19053-road-traffic-casualty-crashes-in-new-south-wales---statistical-statement-for-the-year-ended-,0.25886601209640503,0.4985469644551553,0.10318281501531601,0.35603065455519933,0.0012414557343954006,True,True,True
broad,transport,1,1000,Coffs Harbour Bypass : environmental impact statement : volume 1C,NSW Government,No notes provided,https://data.nsw.gov.au/data/dataset/3-18189-coffs-harbour-bypass---environmental-impact-statement---volume-1c,0.2754712402820587,0.5305267753194716,0.0,0.0,0.0008018327605956472,False,True,True
broad,health,1,1,NSW Health Annual Report 2013-14,NSW Government,No notes provided,https://data.nsw.gov.au/data/dataset/3-15093-nsw-health-annual-report-2013-14,0.40825021266937256,0.9138623022737477,0.19089090824127197,0.5466746506958771,0.014566699123661148,True,True,True
broad,health,1,5,NSW Health Annual Report 2008-09,NSW Government,No notes provided,https://data.nsw.gov.au/data/dataset/3-10655-nsw-health-annual-report-2008-09,0.4040156900882721,0.9043833836231194,0.19085179269313812,0.5465626313293716,0.014044117647058823,True,True,True
broad,health,1,10,NSW Health Annual Report 2017-18,NSW Government,"The Annual Report outlines the functions and activities of NSW Health over the 2017-18 financial year. The report includes performance and achievements of all local health districts, specialty networks and other controlled entities that…",https://data.nsw.gov.au/data/dataset/3-17381-nsw-health-annual-report-2017-18,0.373945951461792,0.837072700818357,0.2259678840637207,0.6471283269965222,0.01286732742131803,True,True,True
broad,health,1,20,NSW Department of Health Annual Report 03/04,NSW Government,No notes provided,https://data.nsw.gov.au/data/dataset/3-9874-nsw-department-of-health-annual-report-03-04,0.38661736249923706,0.8654374744409361,0.171982541680336,0.49252474497137594,0.01213707165109034,True,True,True
broad,health,1,30,Bureau of Health Information Year in Review 2020–21,NSW Government,"An annual report on the activities, reports and survey results released by the NSW Bureau of Health Information.",https://data.nsw.gov.au/data/dataset/3-19404-bureau-of-health-information-year-in-review-2020-21,0.3429432809352875,0.7676736632067561,0.18730373680591583,0.5364016853175,0.010114942528735632,True,True,True
broad,health,1,40,Northern Sydney Central Coast Health Annual Report 2005-2006,NSW Government,No notes provided,https://data.nsw.gov.au/data/dataset/3-10379-northern-sydney-central-coast-health-annual-report-2005-2006,0.34896203875541687,0.7811465670966705,0.120367631316185,0.34470962190455284,0.008899033297529538,True,True,True
broad,health,1,50,NSW Health Annual Report 2021-22,NSW Government,NSW Health Annual Report 2021-22,https://data.nsw.gov.au/data/dataset/3-19698-nsw-health-annual-report-2021-22,0.29871609807014465,0.6686717425661066,0.20741109549999237,0.5939852726751949,0.008429054054054055,True,True,True
broad,health,1,75,North Coast Area Health Service Annual Report 2006/2007,NSW Government,No notes provided,https://data.nsw.gov.au/data/dataset/3-10989-north-coast-area-health-service-annual-report-2006-2007,0.3230048418045044,0.7230417504181179,0.1404697299003601,0.4022781453245805,0.00725973487986744,True,True,True
broad,health,1,100,Year in Review 2015/16,NSW Government,NSW Bureau of Health Information Annual Report,https://data.nsw.gov.au/data/dataset/3-16541-year-in-review-2015-16,0.3224896192550659,0.7218884320594218,0.10058601200580597,0.28805888915707156,0.006448774765380605,True,True,True
broad,health,1,150,Volume Ten 2015 Health,NSW Government,"Auditor-General's Reports to Parliament, Financial Audit",https://data.nsw.gov.au/data/dataset/3-15070-volume-ten-2015-health,0.2682414948940277,0.6004547762176788,0.11404955387115479,0.3266158697601821,0.004692828985250476,True,True,True
broad,health,1,200,The NSW Institute of Psychiatry Annual Report and Financial Statements 07,NSW Government,No notes provided,https://data.nsw.gov.au/data/dataset/3-10187-the-nsw-institute-of-psychiatry-annual-report-and-financial-statements-07,0.28083372116088867,0.628642295856046,0.0,0.0,0.003846153846153846,False,True,True
broad,health,1,300,Podiatry Council of NSW Annual Report 2014,NSW Government,No notes provided,https://data.nsw.gov.au/data/dataset/3-14579-podiatry-council-of-nsw-annual-report-2014,0.21145766973495483,0.4733449901566333,0.05939079076051712,0.17008374098425463,0.002497574995509251,False,False,True
broad,health,1,500,Keep Them Safe outcomes evaluation,NSW Government,"This is the final report of the Outcomes Evaluation of Keep Them Safe (KTS). The Department of Premier and Cabinet (DPC) commissioned a consortium of researchers, led by the Social Policy Research Centre at the University of New South…",https://data.nsw.gov.au/data/dataset/3-14672-keep-them-safe-outcomes-evaluation,0.2086542546749115,0.46706958536443804,0.0,0.0,0.001408450704225352,False,False,True
broad,health,1,750,Maroota : a town planning and environmental report,"NSW Department of Planning, Housing and Infrastructure",Environmental Impact Statement: Maroota : a town planning and environmental report,https://data.nsw.gov.au/data/dataset/maroota-a-town-planning-and-environmental-report679e1,0.1778368204832077,0.39808519665719133,0.0,0.0,0.0009370816599732262,False,False,False
broad,health,1,1000,Office for Children Annual Report 2006-2007,NSW Government,No notes provided,https://data.nsw.gov.au/data/dataset/3-18805-office-for-children-annual-report-2006-2007,0.1635124385356903,0.36602027113121666,0.0,0.0,0.0007284079084287201,False,False,False
broad,environment,1,1,State of the Environment Report 2007-2008,NSW Government,"The State of Environment Report 2007-2008 reports on conditions and actions taken by Strathfield Council during the reporting period on Biodiversity, Air, Greenhouse, Built Environment, Waste and Water.",https://data.nsw.gov.au/data/dataset/3-14931-state-of-the-environment-report-2007-2008,0.49589788913726807,0.9533513855978131,0.12229066342115402,0.6114533079944058,0.015638148667601683,True,True,True
broad,environment,1,5,Ask Environment Line,"NSW Department of Climate Change, Energy, the Environment and Water","Ask Environment Line provides the general public with answers to frequently asked questions about the environment, our heritage and reporting pollution.",https://data.nsw.gov.au/data/dataset/http-www-environment-nsw-gov-au-about-us-contact-us-ask-environment-line,0.4266248643398285,0.8201757145134179,0.12092768400907516,0.6046384110355614,0.01408450704225352,True,True,True
broad,environment,1,10,Enviromine Australia : workshop abstracts.,"NSW Department of Planning, Housing and Infrastructure",Environmental Impact Statement: Enviromine Australia : workshop abstracts.,https://data.nsw.gov.au/data/dataset/enviromine-australia-workshop-abstracts4adc5,0.5201627612113953,1.0,0.0,0.0,0.011475409836065573,True,True,True
broad,environment,1,20,"Statement of environmental effects, continuation of extractive industry, Lot 8, DP 8857, Bakali Road, Forresters Beach","NSW Department of Planning, Housing and Infrastructure","Environmental Impact Statement: Statement of environmental effects, continuation of extractive industry, Lot 8, DP 8857, Bakali Road, Forresters Beach",https://data.nsw.gov.au/data/dataset/statement-of-environmental-effects-continuation-of-extractive-industry-lot-8-dp-8857-bakali-ro653e8,0.424206405878067,0.8155262881374713,0.0,0.0,0.009722222222222222,True,True,True
broad,environment,1,30,Patrick Port Botany container terminal upgrade environmental impact statement Volume 2 Appendices,"NSW Department of Climate Change, Energy, the Environment and Water",Patrick Port Botany container terminal upgrade environmental impact statement Volume 2 Appendices,https://data.nsw.gov.au/data/dataset/fis_00291,0.4092273712158203,0.786729465721037,0.012396751902997494,0.06198375859135749,0.008897729784345299,True,True,True
broad,environment,1,40,Office Of Environment and Heritage Annual Report 2017-18,NSW Government,No notes provided,https://data.nsw.gov.au/data/dataset/3-17386-office-of-environment-and-heritage-annual-report-2017-18,0.3570218086242676,0.686365567179026,0.10569483041763306,0.5284741442132869,0.007966867469879518,True,True,True
broad,environment,1,50,Department of Planning and Environment Annual Report 2016–17,NSW Government,No notes provided,https://data.nsw.gov.au/data/dataset/3-18750-department-of-planning-and-environment-annual-report-2016-17,0.3543156683444977,0.6811630796471089,0.09976419806480408,0.4988209828910085,0.007484214024592888,True,True,True
broad,environment,1,75,Statement of evidence - Issue 1 NSW Land and Environment Court,"NSW Department of Climate Change, Energy, the Environment and Water",Statement of evidence - Issue 1 NSW Land and Environment Court,https://data.nsw.gov.au/data/dataset/fis_00362,0.3482726812362671,0.6695455868951148,0.07764384895563126,0.38821923899323885,0.006335681645087585,True,True,True
broad,environment,1,100,100 Rosedale Road St Ives subdivision proposal statement of environmental effects: Volume 1,"NSW Department of Climate Change, Energy, the Environment and Water",100 Rosedale Road St Ives subdivision proposal statement of environmental effects: Volume 1,https://data.nsw.gov.au/data/dataset/fis_00393,0.36417484283447266,0.7001170979374881,0.012396751902997494,0.06198375859135749,0.005206330232316407,True,True,True
broad,environment,1,150,Flora Assessment - Proposed Banksia Grove residential subdivision Bundock St Randwick Appendices January 2001,"NSW Department of Climate Change, Energy, the Environment and Water",Flora Assessment - Proposed Banksia Grove residential subdivision Bundock St Randwick Appendices January 2001,https://data.nsw.gov.au/data/dataset/fis_00375,0.3526982069015503,0.6780535501621827,0.012396751902997494,0.06198375859135749,0.004015547812921572,True,True,True
broad,environment,1,200,Flora and fauna assessment proposed residential subdivision,"NSW Department of Climate Change, Energy, the Environment and Water",Flora and fauna assessment proposed residential subdivision,https://data.nsw.gov.au/data/dataset/fis_00352,0.34219086170196533,0.6578534397676696,0.012396751902997494,0.06198375859135749,0.0032585945764930626,True,True,True
broad,environment,1,300,"Proposed extractive industry, Wallgrove Road, Wallgrove","NSW Department of Planning, Housing and Infrastructure","Environmental Impact Statement: Proposed extractive industry, Wallgrove Road, Wallgrove",https://data.nsw.gov.au/data/dataset/proposed-extractive-industry-wallgrove-road-wallgroveeae14,0.33416110277175903,0.6424164274919235,0.0,0.0,0.0024305555555555556,True,True,True
broad,environment,1,500,Syerston nickel cobalt project : environmental impact statement,"NSW Department of Planning, Housing and Infrastructure",v. 1: Main report -- v.2: Appendices A-F -- v.3: Appendices G-JD -- v.4: Appendices K-O.,https://data.nsw.gov.au/data/dataset/syerston-nickel-cobalt-project-environmental-impact-statement2c100,0.3202120363712311,0.6155996934988128,0.0,0.0,0.00166270783847981,True,True,True
broad,environment,1,750,High Ecological Value Waterways and Water Dependent Ecosystems - BLUE MOUNTAINS LGA,"NSW Department of Climate Change, Energy, the Environment and Water","A map of the high ecological value waterways and water dependent ecosystems for the Blue Mountains LGA was prepared by the Science Division of the Department of Planning, Industry and Environment, with input layers and support for the map…",https://data.nsw.gov.au/data/dataset/hevwater-blue-mountains,0.2842486798763275,0.5464610331088431,0.01805088110268116,0.09025440416851037,0.0012231752847729747,False,True,True
broad,environment,1,1000,"Soil Landscapes of the Penrith 1:100,000 sheet","NSW Department of Climate Change, Energy, the Environment and Water","This map is one of a series of soil landscape maps that are intended for all of central and eastern NSW, based on standard 1:100,000 and 1:250,000 topographic sheets. The map provides an inventory of soil and landscape properties of the…",https://data.nsw.gov.au/data/dataset/soil-landscapes-of-the-penrith-1-100000-sheet0cca7,0.20918890833854675,0.40216048502082585,0.0209825299680233,0.10491264827679622,0.0009775164594441703,False,False,True
broad,housing,1,1,Housing New South Wales Annual Report 2006/07,NSW Government,No notes provided,https://data.nsw.gov.au/data/dataset/3-10858-housing-new-south-wales-annual-report-2006-07,0.5454179048538208,1.0,0.15921373665332794,0.8880528370781123,0.016162909836065574,True,True,True
broad,housing,1,5,NSW Department of Housing Annual Report 2002-2003,NSW Government,No notes provided,https://data.nsw.gov.au/data/dataset/3-10747-nsw-department-of-housing-annual-report-2002-2003,0.5060885548591614,0.9278913478185132,0.15517817437648773,0.8655435197008265,0.015180995475113122,True,True,True
broad,housing,1,10,COVID-19: Housing – Evictions,NSW Government,No notes provided,https://data.nsw.gov.au/data/dataset/3-18570-covid-19--housing---evictions,0.4363979697227478,0.8001166918781447,0.11338399350643158,0.632426442775333,0.01301892551892552,True,True,True
broad,housing,1,20,ROOZENDAAL: HOUSING FINANCE APPROVALS – SHOW POTENTIAL START OF RECOVERY,NSW Government,Treasury media release 2009,https://data.nsw.gov.au/data/dataset/3-19876-roozendaal--housing-finance-approvals---show-potential-start-of-recovery,0.42229825258255005,0.7742654739134968,0.04519211873412132,0.25206989107223166,0.01145311381531854,True,True,True
broad,housing,1,30,Teacher Housing Authority of NSW Annual Report 2017-18,NSW Government,No notes provided,https://data.nsw.gov.au/data/dataset/3-17443-teacher-housing-authority-of-nsw-annual-report-2017-18,0.4101283550262451,0.7519524961986075,0.06713535636663437,0.3744635666673399,0.010555555555555556,True,True,True
broad,housing,1,40,Statement of Environmental Effects Proposed Single Dwelling House 100 Rosedale Road St Ives,"NSW Department of Climate Change, Energy, the Environment and Water",Statement of Environmental Effects Proposed Single Dwelling House 100 Rosedale Road St Ives,https://data.nsw.gov.au/data/dataset/fis_00297,0.43411147594451904,0.7959245050102758,0.0,0.0,0.00958904109589041,True,True,True
broad,housing,1,50,Census of Population and Housing,Transport for NSW,This dataset contains projected population figures from Transport for NSW’s Travel Zone Projection 2016 (TZP2016) model (formally known as LU16*). The data includes: • Estimated Resident Population (ERP) (including 5-year age categories by…,https://data.nsw.gov.au/data/dataset/population-projection,0.36684560775756836,0.6725954621087986,0.11695720255374908,0.6523568740223101,0.008501006036217304,True,True,True
broad,housing,1,75,State Environmental Planning Policy (Sustainable Buildings) 2022,"NSW Department of Planning, Housing and Infrastructure",This record represents the data for SEPP (Sustainable Buildings) 2022.,https://data.nsw.gov.au/data/dataset/state-environmental-planning-policy-sustainable-buildings-2022,0.34767091274261475,0.6374394929990337,0.05526609718799591,0.30825992426080395,0.00652046783625731,True,True,True
broad,housing,1,100,Together Home Program: Program Guidelines,NSW Government,Together Home is a program for transitioning homeless people who are street sleeping into housing and support services during the COVID-19 pandemic.,https://data.nsw.gov.au/data/dataset/3-18644-together-home-program--program-guidelines,0.36807477474212646,0.6748490862997528,0.015593047253787518,0.08697396432928722,0.005230902996900724,True,True,True
broad,housing,1,150,Property NSW Annual Review 2015-16,NSW Government,Property NSW's Annual Review and statutory information for related entities 2015-16.,https://data.nsw.gov.au/data/dataset/3-15486-property-nsw-annual-review-2015-16,0.2956410050392151,0.542044920799677,0.025407856330275536,0.14171841809921265,0.0037192531858144815,False,True,True
broad,housing,1,200,"Port Kembla smelter redevelopment, May 1988 : environmental impact statement","NSW Department of Planning, Housing and Infrastructure","EIS: Port Kembla smelter redevelopment, May 1988 : environmental impact statement",https://data.nsw.gov.au/data/dataset/port-kembla-smelter-redevelopment-may-1988-environmental-impact-statementc955c,0.31261393427848816,0.5731640481481312,0.017369693145155907,0.09688363329050427,0.0029940005349841413,True,True,True
broad,housing,1,300,"Proposed continuation of quarrying, landfilling and site rehabilitation at Warnervale, Wyong : environmental impact statement","NSW Department of Planning, Housing and Infrastructure",v. 1. Environmental impact statement -- v. 2. Appendices.,https://data.nsw.gov.au/data/dataset/proposed-continuation-of-quarrying-landfilling-and-site-rehabilitation-at-warnervale-wyong-env18129,0.2854255437850952,0.5233153170165784,0.017369693145155907,0.09688363329050427,0.002289377289377289,False,True,True
broad,housing,1,500,Mt Gipps Limited : environmental impact statement : proposed Comet - Hillgrove gold project,"NSW Department of Planning, Housing and Infrastructure",EIS: Mt Gipps Limited : environmental impact statement : proposed Comet - Hillgrove gold project,https://data.nsw.gov.au/data/dataset/mt-gipps-limited-environmental-impact-statement-proposed-comet-hillgrove-gold-project93080,0.2578554153442383,0.4727666859659602,0.017369693145155907,0.09688363329050427,0.0016409681038627984,False,True,True
broad,housing,1,750,Statement of environmental effects : Peats Ridge Quarry production increase,"NSW Department of Planning, Housing and Infrastructure",Environmental Impact Statement: Statement of environmental effects : Peats Ridge Quarry production increase,https://data.nsw.gov.au/data/dataset/statement-of-environmental-effects-peats-ridge-quarry-production-increase7ba47,0.19981741905212402,0.3663565447226705,0.017369693145155907,0.09688363329050427,0.001219312337188407,False,False,False
broad,housing,1,1000,"Local environment study : land in the vicinity of Blue Angle Creek, Gerroa : summary report","NSW Department of Planning, Housing and Infrastructure","Environmental Impact Statement: Local environment study : land in the vicinity of Blue Angle Creek, Gerroa : summary report",https://data.nsw.gov.au/data/dataset/local-environment-study-land-in-the-vicinity-of-blue-angle-creek-gerroa-summary-reportf9297,0.2485005110502243,0.45561487593045874,0.017369693145155907,0.09688363329050427,0.000963745243222514,False,False,True
natural_language,Sydney public transport passenger data,6,1,Outer Urban Public Transport Maps for Greater Sydney,Transport for NSW,"This data is part of the strategic transport modelling undertaken for Outer Urban Public Transport Maps, which was released in October 2018. The [Outer Urban Public Transport Maps](https://www.infrastructureaustralia.gov.au/outer-urban-publ…",https://data.nsw.gov.au/data/dataset/2-outer-urban-public-transport-maps-greater-sydney,0.7100193500518799,1.0,0.1865294873714447,0.7378839444786598,0.016020864381520117,True,True,True
natural_language,Sydney public transport passenger data,6,5,Active Transport: Walking,Transport for NSW,"This data explores the nature of walk trips in Sydney. The walking data featured here are from the Household Travel Survey (HTS), which is the largest and most comprehensive source of personal travel data for the Sydney Greater Metropolitan…",https://data.nsw.gov.au/data/dataset/2-active-transport-walking,0.6692858338356018,0.9426304139270264,0.06592977046966553,0.26080873205775473,0.0133116036505867,True,True,True
natural_language,Sydney public transport passenger data,6,10,Sydney region east zone travel time data : March 1995 (13/03/95 - 07/04/95),NSW Government,No notes provided,https://data.nsw.gov.au/data/dataset/3-18373-sydney-region-east-zone-travel-time-data---march-1995--13-03-95---07-04-95-,0.6993515491485596,0.9849753377812297,0.018974700942635536,0.07506120010384079,0.011470394609456685,True,True,True
natural_language,Sydney public transport passenger data,6,20,Road and Speed Data,Transport for NSW,"The Open Data Hub has numerous data relating to roads and speed, whether it be the Sydney Region Carriageway, the Tolls on our NSW roads, or the speed zones and speed camera locations. Below you will find a full list of available data sets…",https://data.nsw.gov.au/data/dataset/2-road-and-speed-data,0.6446622610092163,0.9079502705977125,0.03345557674765587,0.13234547139568245,0.010224118433227099,True,True,True
natural_language,Sydney public transport passenger data,6,30,Public Transport - Realtime Trip Update,Transport for NSW,"Stop time updates for active trips, replacement vehicles, and changed stopping patterns in GTFS-realtime format for Buses, Ferries, Light Rail, NSW Trains, Metro and Regional Bus Services. Our regional services are at times referenced as…",https://data.nsw.gov.au/data/dataset/2-public-transport-realtime-trip-update,0.5683485269546509,0.80046906737559,0.19525592029094696,0.7724044636448777,0.008978772231784279,True,True,True
natural_language,Sydney public transport passenger data,6,40,Walking Count Sites,Transport for NSW,"Twice a year City of Sydney carry out walking count surveys to give us a picture of walking trends across the City of Sydney area. The counts take place at around 100 locations from 6am to midnight in fair weather conditions, on a weekday…",https://data.nsw.gov.au/data/dataset/2-walking-count-sites,0.6186482906341553,0.871311874231247,0.0318409688770771,0.12595831384157158,0.00802367941712204,True,True,True
natural_language,Sydney public transport passenger data,6,50,Sydney cycling map,City of Sydney,"More and more Sydneysiders are turning to 2 wheels to commute to work, stay fit, reduce travelling times or just for fun. This dataset contains existing, rideable bicycle routes by path type in our local area. It has been digitised from the…",https://data.nsw.gov.au/data/dataset/5-cityofsydney--sydney-cycling-map,0.5951883792877197,0.8382706460665197,0.05403183028101921,0.21374218423581762,0.00758888690369841,True,True,True
natural_language,Sydney public transport passenger data,6,75,Car park API,Transport for NSW,The Car Park API provides real time and historical occupancy of selected car parks. This API provides the occupancy for Transport Park&Ride car parks. Transport Park&Ride is designed to free-up more spaces at commuter car parks for those…,https://data.nsw.gov.au/data/dataset/2-car-park-api,0.5979791879653931,0.8422012553907154,0.027470989152789116,0.10867129975232888,0.0065342698321421725,True,True,True
natural_language,Sydney public transport passenger data,6,100,Transport for NSW annual report 2019-20 : volume 2,NSW Government,No notes provided,https://data.nsw.gov.au/data/dataset/3-18903-transport-for-nsw-annual-report-2019-20---volume-2,0.5642299056053162,0.7946683503260705,0.058173999190330505,0.23012801135929573,0.005852272727272727,True,True,True
natural_language,Sydney public transport passenger data,6,150,Transport 2018,NSW Government,No notes provided,https://data.nsw.gov.au/data/dataset/3-17670-transport-2018,0.5095964670181274,0.7177219423398702,0.07738079875707626,0.30610736038789865,0.004621240425929385,True,True,True
natural_language,Sydney public transport passenger data,6,200,Transport Facility Point - NSW Transport Theme - GDA2020 Service,Spatial Services (DCS),Export Data Access API NEW We have released a new GDA2020 version of our Foundational Spatial Data Framework (FSDF) datasets which replaces the current GDA94 version. This updated service aligns our spatial data with the national standard…,https://data.nsw.gov.au/data/dataset/1-b0f10b029554479aa08861558f0dd7bd,0.5080678462982178,0.7155690140854529,0.06148424744606018,0.2432228794928118,0.003838850397741853,True,True,True
natural_language,Sydney public transport passenger data,6,300,Metro / Outer Metro Bus Contract boundaries,Transport for NSW,Greater Sydney Metropolitan and Outer Sydney Metropolitan Bus Service Contracts Boundaries. Bus Service Contracts are contracts issued by the Government of New South Wales to metropolitan bus operators and outer metropolitan bus operators…,https://data.nsw.gov.au/data/dataset/2-metro-outer-metro-bus-contract-boundaries,0.5364171266555786,0.7554964898018393,0.02330249920487404,0.09218135036881872,0.0027861402513822023,True,True,True
natural_language,Sydney public transport passenger data,6,500,Road Transport and Tramway Annual Report 1949-50,NSW Government,Road Transport and Tramway,https://data.nsw.gov.au/data/dataset/3-15817-road-transport-and-tramway-annual-report-1949-50,0.4762551784515381,0.670763660760427,0.04505404829978943,0.17822736416992918,0.001745395127748069,True,True,True
natural_language,Sydney public transport passenger data,6,750,Henry Lawson Drive upgrade : early concept design community consultation,NSW Government,No notes provided,https://data.nsw.gov.au/data/dataset/3-18773-henry-lawson-drive-upgrade---early-concept-design-community-consultation-,0.47167640924453735,0.6643148657991825,0.03196559473872185,0.1264513159061264,0.0012086482158050146,True,True,True
natural_language,Sydney public transport passenger data,6,1000,Rawsonville Bridge replacement : review of environmental factors,NSW Government,No notes provided,https://data.nsw.gov.au/data/dataset/3-19519-rawsonville-bridge-replacement---review-of-environmental-factors,0.44323140382766724,0.6242525697296575,0.03196559473872185,0.1264513159061264,0.0009735009442870632,True,True,True
natural_language,bushfire risk management plans,7,1,NSW BushFire Prone Land,Spatial Services (DCS),"Bush Fire Prone Land is mapped within a local government area, which becomes the trigger for planning for bush fire protection. Bush Fire Prone Land mapping is intended to designate areas of the State that are considered to be higher bush…",https://data.nsw.gov.au/data/dataset/1-84c338fe2e8c49a9836751ed49c9c581,0.5840848684310913,1.0,0.10882128775119781,0.4013237484366896,0.015700761948741628,True,True,True
natural_language,bushfire risk management plans,7,5,Bushfire Prevention a must for Private Poles and Powerlines,NSW Government,Ausgrid is urging property owners with private poles and powerlines to make sure they are prepared for the bushfire dange period.,https://data.nsw.gov.au/data/dataset/3-15637-bushfire-prevention-a-must-for-private-poles-and-powerlines,0.4974580705165863,0.8516879950216943,0.0811987817287445,0.2994542715426894,0.011338185890257558,True,True,True
natural_language,bushfire risk management plans,7,10,30 March 2016 - Start of bushfire safety aerial patrols,NSW Government,No notes provided,https://data.nsw.gov.au/data/dataset/3-16220-30-march-2016---start-of-bushfire-safety-aerial-patrols,0.5309820771217346,0.9090837750137305,0.04359613358974457,0.16077887067082955,0.010881287205590543,True,True,True
natural_language,bushfire risk management plans,7,20,2019/2020 Bushfire Inquiry project water quality dataset,"NSW Department of Climate Change, Energy, the Environment and Water","The Integrated Water Quality and Environmental Monitoring Dataset before, during and after the 2019/2020 Bushfires is a comprehensive repository of data compiled from multiple sources, including the MER (Monitoring, Evaluating, Reporting)…",https://data.nsw.gov.au/data/dataset/2019-2020-bushfire-inquiry-project-water-quality-dataset,0.4626881778240204,0.7921591584230657,0.08360657095909119,0.30833399553178165,0.009635849684070502,True,True,True
natural_language,bushfire risk management plans,7,30,17 March 2017 - Helicopter patrols signal the start of Endeavour Energy’s bushfire safety preparations,NSW Government,No notes provided,https://data.nsw.gov.au/data/dataset/3-16199-17-march-2017---helicopter-patrols-signal-the-start-of-endeavour-energy-s-bushfire-safety-pr,0.4834374189376831,0.8276835183836263,0.0354800783097744,0.13084754202377297,0.0084412339284903,True,True,True
natural_language,bushfire risk management plans,7,40,Fire Extent and Severity Mapping (FESM) 2025/26 (interim July 1 -March 31),"NSW Department of Climate Change, Energy, the Environment and Water","Fire severity is a metric of the loss of biomass caused by fire. In collaboration with the NSW Rural Fire Service, DCCEEW Remote Sensing & Regulatory Mapping team has developed a semi-automated approach to mapping fire extent and severity…",https://data.nsw.gov.au/data/dataset/fire-extent-and-severity-mapping-fesm-2025-26,0.4726160168647766,0.8091564127217833,0.0019625674467533827,0.0072377835308443245,0.007789552424884677,True,True,True
natural_language,bushfire risk management plans,7,50,Lismore Flood Risk Management Plan 2024 - Report,Lismore City Council,"This updated Flood Risk Management Plan is a comprehensive strategy to address and manage flood risks in the Lismore Township. It builds upon previous studies, particularly the 2021 Floodplain Risk Management Study (FRMS), and integrates…",https://data.nsw.gov.au/data/dataset/fdp-lismore-flood-risk-management-plan-2024-report,0.3903588652610779,0.668325591638112,0.10298631340265274,0.3798048542388559,0.007215346534653465,True,True,True
natural_language,bushfire risk management plans,7,75,Historical Fire Extent and Severity Mapping (FESM) - Statewide 2011-12,"NSW Department of Climate Change, Energy, the Environment and Water","Fire severity is a metric of the loss of biomass caused by fire. In collaboration with the NSW Rural Fire Service, the department's Remote Sensing & Regulatory Mapping team has developed a semi-automated approach to mapping fire extent and…",https://data.nsw.gov.au/data/dataset/historical-fire-extent-and-severity-mapping-fesm-statewide-201112,0.4385368824005127,0.750810209445188,0.0,0.0,0.006306306306306306,True,True,True
natural_language,bushfire risk management plans,7,100,Emergency Risk Management Framework,NSW Government,This framework has been developed to provide a common approach and principles for the Emergency Management sector and NSW Government for emergency risk management. It also serves to inform non-government stakeholders regarding the direction…,https://data.nsw.gov.au/data/dataset/3-19083-emergency-risk-management-framework,0.36411330103874207,0.6233910870123819,0.09381993860006332,0.3460000356103398,0.005436912225705329,True,True,True
natural_language,bushfire risk management plans,7,150,Woolooware Bay Floodplain Risk Management Study & Plan - Report,Sutherland Shire Council,PDF copy of final report.,https://data.nsw.gov.au/data/dataset/fdp-woolooware-bay-floodplain-risk-management-study-and-plan-report,0.38830459117889404,0.6648085101432569,0.07201734930276871,0.2655939216667046,0.004539943670378453,True,True,True
natural_language,bushfire risk management plans,7,200,Lismore Floodplain Risk Management Study - Report,Rous County Council,Final report in full.,https://data.nsw.gov.au/data/dataset/fdp-related-dataset_revision_lismore-floodplain-risk-management-study-report,0.3296704590320587,0.5644221873399761,0.08735794574022293,0.32216874992649874,0.003861140130445831,True,True,True
natural_language,bushfire risk management plans,7,300,NSW Rural Fire Service Annual Report 2012-2013,NSW Government,No notes provided,https://data.nsw.gov.au/data/dataset/3-12952-nsw-rural-fire-service-annual-report-2012-2013,0.3804186284542084,0.6513071113724445,0.0,0.0,0.0028688524590163933,True,True,True
natural_language,bushfire risk management plans,7,500,Manilla Floodplain Risk Management Study and Draft Plan - Survey,Tamworth Regional Council,Survey,https://data.nsw.gov.au/data/dataset/fdp-manilla-floodplain-risk-management-study-and-draft-plan-survey,0.3421081006526947,0.5857164243470822,0.06106863170862198,0.22521597286404182,0.0020399604456922886,True,True,True
natural_language,bushfire risk management plans,7,750,Albury Floodplain Risk Management Study and Plan - Flood Damages,Albury City Council,Flood Damages,https://data.nsw.gov.au/data/dataset/fdp-albury-floodplain-risk-management-study-and-plan-flood-damages,0.28547215461730957,0.48875115594779145,0.06577399373054504,0.24256895189427774,0.0013948563444240677,False,True,True
natural_language,bushfire risk management plans,7,1000,Snowy Monaro Regional Council Flood and Floodplain Risk Management Studies - Flood Studies - Report(Draft Final),Snowy Monaro Regional Council,Flood Study report covering the four towns,https://data.nsw.gov.au/data/dataset/fdp-snowy-monaro-regional-council-flood-and-floodplain-risk-management-studies-flood-studiesbdab0cb2,0.2857445776462555,0.4892175659571411,0.04133633151650429,0.15244491085929618,0.000953481868581102,False,True,True
misspelled,emergncy departmnt wait times,2,1,Average wait time for households in urgent need,Department of Communities and Justice,"Households on the NSW Housing Register include both priority applicants waiting to be housed and existing tenants in social housing waiting urgently to be rehoused, as their current house does not meet their needs. Priority applicants are…",https://data.nsw.gov.au/data/dataset/average-wait-time-for-households-in-urgent-need,0.36197060346603394,1.0,0.13896016776561737,1.0,0.016393442622950817,True,True,True
misspelled,emergncy departmnt wait times,2,5,Expected Waiting Times for Social Housing,Housing NSW,Expected Waiting Times for Social Housing,https://data.nsw.gov.au/data/dataset/expected-waiting-times-for-social-housing,0.2326982617378235,0.642865082163113,0.10775773972272873,0.7754577549480406,0.014546654929577463,True,True,True
misspelled,emergncy departmnt wait times,2,10,Managing length of stay and unplanned readmissions in NSW public hospitals,NSW Government,"Auditor-General's Report to Parliament, Performance Audit",https://data.nsw.gov.au/data/dataset/3-14876-managing-length-of-stay-and-unplanned-readmissions-in-nsw-public-hospitals,0.23886379599571228,0.6598983279539341,0.0,0.0,0.010144927536231883,False,False,True
misspelled,emergncy departmnt wait times,2,20,Journey to Work (JTW) 2011,Transport for NSW,This dataset contains a snapshot of commuting patterns for Census day 2011 (Tuesday 9th August). It is a complete enumeration via a self-completion Census form. The scope of Journey to Work (JTW) 2011 is employed persons aged 15 years and…,https://data.nsw.gov.au/data/dataset/2-journey-work-jtw-2011,0.20609474182128906,0.5693687273160796,0.0,0.0,0.008749999999999999,False,False,True
misspelled,emergncy departmnt wait times,2,30,Opal Trips - Light Rail,Transport for NSW,"This dataset contains Official Light Rail Utilisation figures. Opal tap-on/tap-off data (representing an individual entering and exiting a Light Rail station), is aggregated to a total monthly figure representing the estimated number of…",https://data.nsw.gov.au/data/dataset/2-opal-trips-light-rail,0.1992790699005127,0.5505393752761262,0.0,0.0,0.0077777777777777776,False,False,False
misspelled,emergncy departmnt wait times,2,40,End of Tenancy Survey - Pilot,Fair Trading,"NSW Tenancy laws say how residential tenancy agreements can be ended. Tenancies are usually terminated by the tenant, landlord, the landlord's agent, or by a Tribunal order. Fair Trading conducted an end-of tenancy survey to collect data…",https://data.nsw.gov.au/data/dataset/end-of-tenancy-survey-pilot,0.18895037472248077,0.5220047509747879,0.0,0.0,0.00707070707070707,False,False,False
misspelled,emergncy departmnt wait times,2,50,Gunnedah Shire Council Extraordinary Meeting Minutes - 6 September 2017,NSW Government,Meeting Minutes,https://data.nsw.gov.au/data/dataset/3-19432-gunnedah-shire-council-extraordinary-meeting-minutes---6-september-2017,0.18623116612434387,0.5144925149752365,0.0,0.0,0.006542056074766355,False,False,False
misspelled,emergncy departmnt wait times,2,75,Gunnedah Shire Council Extraordinary Meeting Minutes - 7 August 2013,NSW Government,Extraordinary Meeting Minutes,https://data.nsw.gov.au/data/dataset/3-15537-gunnedah-shire-council-extraordinary-meeting-minutes---7-august-2013,0.17894355952739716,0.49435937010887293,0.0,0.0,0.005384615384615384,False,False,False
misspelled,emergncy departmnt wait times,2,100,Gunnedah Shire Council Ordinary Meeting Minutes - 21 February 2018,NSW Government,Meeting Minutes,https://data.nsw.gov.au/data/dataset/3-19488-gunnedah-shire-council-ordinary-meeting-minutes---21-february-2018,0.17727786302566528,0.4897576248682869,0.0,0.0,0.004666666666666666,False,False,False
misspelled,emergncy departmnt wait times,2,150,Gunnedah Shire Council Ordinary Meeting Minutes - 15 February 2017,NSW Government,Meeting Minutes,https://data.nsw.gov.au/data/dataset/3-19442-gunnedah-shire-council-ordinary-meeting-minutes---15-february-2017,0.17318354547023773,0.4784464368430092,0.0,0.0,0.0037634408602150535,False,False,False
misspelled,emergncy departmnt wait times,2,200,FireTools Cloud Results - NPWS South Coast Branch,"NSW Department of Climate Change, Energy, the Environment and Water","FireTools Cloud is a web-based GIS processing environment developed by the NSW Bushfire Risk Management Research Hub, a NSW focused research partnership between the NSW Department of Planning, Industry and Environment, the University of…",https://data.nsw.gov.au/data/dataset/firetools-cloud-results-for-npws-south-coast-branch,0.0197781752794981,0.05464028042640213,0.0071167112328112125,0.051214037427004935,0.0032313973665407778,False,False,False
misspelled,emergncy departmnt wait times,2,300,Gunnedah Shire Council Extraordinary Meeting Minutes - 11 January 2022,NSW Government,No notes provided,https://data.nsw.gov.au/data/dataset/3-19788-gunnedah-shire-council-extraordinary-meeting-minutes---11-january-2022,0.15288904309272766,0.42237972263146567,0.0,0.0,0.0023809523809523807,False,False,False
misspelled,emergncy departmnt wait times,2,500,Hume Highway (SH2): Coolac Bypass: environmental review,NSW Government,The main objectives of this review are to determine the design alterations are consistent with the conditions of approval granted by the CEO of the RTA in May 1997. The review considers time lapse since this project was approved with…,https://data.nsw.gov.au/data/dataset/3-16697-hume-highway--sh2---coolac-bypass--environmental-review,0.12248692661523819,0.33838915492686394,0.0,0.0,0.0014675052410901466,False,False,False
misspelled,emergncy departmnt wait times,2,750,WorkCover News - Issue 62 (September - November 2005),NSW Government,"WorkCover News, the workplace safety and injury management magazine. This Issue includes: - Safety Summit 2005 - New rural safety initiatives - Assistance for small to medium sized businesses",https://data.nsw.gov.au/data/dataset/3-14379-workcover-news---issue-62--september---november-2005-,0.09531566500663757,0.2633243254947958,0.0,0.0,0.0009510869565217391,False,False,False
misspelled,emergncy departmnt wait times,2,1000,NSW State Emergency Management Committee Communique - Meeting 79,NSW Government,"Communique for NSW State Emergency Management Committee Communique Meeting 79, 3 March 2011",https://data.nsw.gov.au/data/dataset/3-18998-nsw-state-emergency-management-committee-communique---meeting-79,0.08306001126766205,0.22946617894471122,0.0,0.0,0.0007056451612903225,False,False,False
